T/K,p/pa,dynamic viscosity/ Pa s
298.15,100000,0.000849
298.15,100000,0.000849
323.15,100000,0.000607
323.15,100000,0.000607
348.15,100000,0.000458
348.15,100000,0.000459
373.15,100000,0.00036
373.15,100000,0.00036
308.7,100000,0.0007447
314.2,100000,0.0006906
322.9,100000,0.0006188
333.2,100000,0.0005518
343.2,100000,0.0004949
353.2,100000,0.0004467
363.2,100000,0.000407
