T/K,p/pa,dynamic viscosity/ Pa s
295.15,100000,0.000653
317.15,100000,0.000494
335.15,100000,0.000396
354.15,100000,0.00031
373.15,100000,0.000285
392.15,100000,0.000261
288.15,100000,0.00077
293.15,100000,0.00072
298.15,100000,0.00068
