T/K,p/pa,dynamic viscosity/ Pa s
288.15,100000,0.000585
293.15,100000,0.000552
298.15,100000,0.000523
303.15,100000,0.000496
308.15,100000,0.000473
313.15,100000,0.00045
318.15,100000,0.000431
323.15,100000,0.000412
328.15,100000,0.000395
333.15,100000,0.000379
338.15,100000,0.000365
343.15,100000,0.000352
