T/K,p/pa,dynamic viscosity/ Pa s
146.15,100000,0.00323
148.15,100000,0.003021
154.15,100000,0.002363
173.15,100000,0.001262
198.15,100000,0.00073
223.15,100000,0.000492
248.15,100000,0.0003574
273.15,100000,0.0002755
298.15,100000,0.0002175
