p/pa,T/K,dynamic viscosity/ Pa s
100000,146.15,0.00323
100000,148.15,0.003021
100000,154.15,0.002363
100000,173.15,0.001262
100000,198.15,0.00073
100000,223.15,0.000492
100000,248.15,0.0003574
100000,273.15,0.0002755
100000,298.15,0.0002175
