T/K,η′/Pa·s,ρ/kg·m−3
298.15,0.0008268,723.75
323.15,0.0006035,704.61
348.15,0.0004629,684.84
373.15,0.0003623,664.44
398.15,0.0002897,643.42
423.15,0.0002365,621.77
448.15,0.0001989,599.49
